,model,model_that_generated_system_prompt,accuracy,precision,recall,bootstrap_std
0,openai/gpt-4o,chatgpt,0.3553113553113553,0.0,0.0,0.02011079741676418
1,openai/gpt-4o-mini,claude,0.5,0.5,0.01098901098901099,0.02080146788157002
2,anthropic/claude-3-haiku-20240307,chatgpt,0.7051282051282052,0.7477876106194691,0.6190476190476191,0.019687407321199515
3,anthropic/claude-3-5-sonnet-20240620,claude,0.5238095238095238,1.0,0.047619047619047616,0.021373299619902225
