,model,model_that_generated_system_prompt,accuracy,precision,recall,bootstrap_std
0,openai/gpt-4o,chatgpt,0.38461538461538464,0.0,0.0,0.020930266705199662
1,openai/gpt-4o-mini,claude,0.5054945054945055,0.7142857142857143,0.018315018315018316,0.021757560638566438
2,anthropic/claude-3-haiku-20240307,chatgpt,0.6813186813186813,0.7323943661971831,0.5714285714285714,0.019690222613317748
3,anthropic/claude-3-5-sonnet-20240620,claude,0.5146520146520146,1.0,0.029304029304029304,0.021735630386666042
4,openai/gpt-4o,chatgpt,0.38181818181818183,0.0125,0.0030303030303030303,0.01891868419235989
5,openai/gpt-4o-mini,claude,0.5651515151515152,0.9574468085106383,0.13636363636363635,0.01880243790730433
6,anthropic/claude-3-haiku-20240307,chatgpt,0.706060606060606,0.7575757575757576,0.6060606060606061,0.01822664618938798
7,anthropic/claude-3-5-sonnet-20240620,claude,0.8712121212121212,1.0,0.7424242424242424,0.012740706384402467
