model,lie_type,precision,accuracy,recall
claude,lie,0.6784802099151146,0.6287878787878788,0.3787878787878788
claude,misleading,0.5619469026548672,0.5210622710622711,0.1694139194139194
gpt4o,lie,0.6850623632043722,0.6217803030303031,0.3375
gpt4o,misleading,0.6489817694043046,0.529291553133515,0.14441416893732967
